sample,year,horizon_days,signal_count,tradeable_count,stock_count,mean_gross_return,median_gross_return,gross_up_rate,mean_net_return,mean_excess_return
全部沪深A股，日波动率不高于1.5%,2010,1,209,207,131,0.0019957247859736043,0.0,0.4927536231884058,0.0003934128978544538,-0.004480503001793642
全部沪深A股，日波动率不高于1.5%,2010,3,209,206,131,-0.0005985839554039107,-0.006907472707792628,0.4223300970873786,-0.0021967472312735808,-0.005645446024059583
全部沪深A股，日波动率不高于1.5%,2010,5,209,204,131,-0.002341071867439274,-0.00809748393492321,0.4117647058823529,-0.003936448695196149,-0.005097869324375187
全部沪深A股，日波动率不高于1.5%,2010,10,209,201,131,-0.006828230353646423,-0.009708712909793804,0.4427860696517413,-0.008416431674354245,0.00043243532713064755
全部沪深A股，日波动率不高于1.5%,2010,20,209,203,131,-0.03839788710417064,-0.03684326240144198,0.3891625615763547,-0.039935604740104255,0.005596773087303202
全部沪深A股，日波动率不高于1.5%,2011,1,652,650,389,0.0010276166180584938,0.0,0.4753846153846154,-0.0005731471484588628,0.0012884955059404288
全部沪深A股，日波动率不高于1.5%,2011,3,652,642,389,-0.004490918313749316,-0.004348203720524246,0.42990654205607476,-0.00608285727801701,-0.0007522969852333579
全部沪深A股，日波动率不高于1.5%,2011,5,652,639,389,-0.008954784417055429,-0.007733983194534888,0.42566510172143973,-0.010539585121600682,-0.002563616686833916
全部沪深A股，日波动率不高于1.5%,2011,10,652,640,389,-0.010387761701160151,-0.012393772106859546,0.40625,-0.011970270902377669,0.0012154304826079607
全部沪深A股，日波动率不高于1.5%,2011,20,652,633,389,-0.0193858083081434,-0.023653156942031406,0.4060031595576619,-0.0209539285487181,0.006144793294253867
全部沪深A股，日波动率不高于1.5%,2012,1,986,973,496,-0.0003130456210841415,0.0,0.4450154162384378,-0.0019116655071531176,-0.0008272969354196528
全部沪深A股，日波动率不高于1.5%,2012,3,986,966,496,-0.0025776893735080376,-0.0029785181970075625,0.4472049689440994,-0.004172687821364156,-0.0027183549255795523
全部沪深A股，日波动率不高于1.5%,2012,5,986,965,496,-0.0054186262898857415,-0.005270612675280506,0.43523316062176165,-0.00700908173732588,-0.006110304848275014
全部沪深A股，日波动率不高于1.5%,2012,10,986,961,496,-0.005919757821818816,-0.002279416873579798,0.48491155046826223,-0.007509411899561197,-0.01281164508983367
全部沪深A股，日波动率不高于1.5%,2012,20,986,959,496,0.00010477678727237708,-0.008987532293379563,0.46715328467153283,-0.001494511247168364,-0.01878931551745691
全部沪深A股，日波动率不高于1.5%,2013,1,1034,1031,535,0.0028712639839371585,0.0,0.4684772065955383,0.0012675520031522423,0.0028190746079594614
全部沪深A股，日波动率不高于1.5%,2013,3,1034,1026,535,0.0011899635122029637,-0.002279573599971496,0.46881091617933723,-0.0004110598665582924,0.0023313979024868242
全部沪深A股，日波动率不高于1.5%,2013,5,1034,1025,535,0.0003374623655647018,-0.0029810829256489146,0.4624390243902439,-0.001262197761150557,0.00210064507181172
全部沪深A股，日波动率不高于1.5%,2013,10,1034,1022,535,-0.0024135688030455338,-0.01161319055886667,0.42759295499021527,-0.004008829699467676,0.008222915623251097
全部沪深A股，日波动率不高于1.5%,2013,20,1034,1011,535,-0.02758659012257386,-0.0350231592779805,0.3333333333333333,-0.029141596324966462,0.013115753703081622
全部沪深A股，日波动率不高于1.5%,2014,1,2660,2651,1113,0.004423797906028567,0.001655621023563647,0.5190494153149755,0.002817603236447145,0.0019232891683413273
全部沪深A股，日波动率不高于1.5%,2014,3,2660,2639,1113,0.008397994914926191,0.003537230058876739,0.5517241379310345,0.006785445025501444,0.004151093182324994
全部沪深A股，日波动率不高于1.5%,2014,5,2660,2634,1113,0.012142948385230981,0.008088893904498184,0.595292331055429,0.01052440986400124,0.0057352687419449586
全部沪深A股，日波动率不高于1.5%,2014,10,2660,2607,1113,0.025866737369838595,0.017590641911884974,0.6743383199079401,0.024226252856529126,0.009757606813539089
全部沪深A股，日波动率不高于1.5%,2014,20,2660,2575,1113,0.05587972842970982,0.04214628502170048,0.7421359223300971,0.05419124952761839,0.018297125927681443
全部沪深A股，日波动率不高于1.5%,2015,1,278,278,175,0.011183271078018949,0.009947006682960335,0.6942446043165468,0.009566267196428953,0.006285937794279835
全部沪深A股，日波动率不高于1.5%,2015,3,278,277,175,0.03055624831579349,0.02454744725889113,0.7942238267148014,0.028908264709471655,0.01196539476126644
全部沪深A股，日波动率不高于1.5%,2015,5,278,277,175,0.04872122514355452,0.039099993032468916,0.8375451263537906,0.04704419355070086,0.015560426033977273
全部沪深A股，日波动率不高于1.5%,2015,10,278,276,175,0.09853343597882612,0.0889061229467738,0.9239130434782609,0.09677674865928569,0.023615383413284792
全部沪深A股，日波动率不高于1.5%,2015,20,278,269,175,0.17171084828532993,0.16714078232902807,0.9256505576208178,0.16983714146682352,0.00895469649269656
全部沪深A股，日波动率不高于1.5%,2016,1,1728,1722,968,0.0014887588783344045,-0.00152377601172482,0.44715447154471544,-0.00011274231021727003,0.0005631391550353571
全部沪深A股，日波动率不高于1.5%,2016,3,1728,1716,968,0.0022791013794292284,-0.002391002652593399,0.46386946386946387,0.0006763363379948879,0.00045406932419643205
全部沪深A股，日波动率不高于1.5%,2016,5,1728,1713,968,0.002402488213576124,-0.0014328882801186715,0.4816112084063047,0.0007995258617278769,-0.0005721216182370315
全部沪深A股，日波动率不高于1.5%,2016,10,1728,1705,968,-4.499826516895321e-05,-0.0037736096892996285,0.4574780058651026,-0.0016440467912553773,-0.0050979273880643414
全部沪深A股，日波动率不高于1.5%,2016,20,1728,1690,968,-0.006348656194205162,-0.009796099859902097,0.4408284023668639,-0.007937624411774811,-0.007874036553390999
全部沪深A股，日波动率不高于1.5%,2017,1,3096,3084,1535,0.001793725523324786,0.0,0.49319066147859925,0.00019173665636424992,0.0004823761594176871
全部沪深A股，日波动率不高于1.5%,2017,3,3096,3062,1535,5.8921577117087125e-05,-0.002760866369284465,0.45003265839320705,-0.0015402931293178052,-0.002154121389182225
全部沪深A股，日波动率不高于1.5%,2017,5,3096,3051,1535,-0.00231857809517677,-0.004800105716663561,0.4369059324811537,-0.003913990893185628,-0.005892247702212182
全部沪深A股，日波动率不高于1.5%,2017,10,3096,3037,1535,-0.004600309732450351,-0.008258449414732305,0.42377346065195914,-0.006192073766659666,-0.011041472713081531
全部沪深A股，日波动率不高于1.5%,2017,20,3096,3004,1535,-0.016492862781869937,-0.020627565034310513,0.3788282290279627,-0.018065609190894023,-0.028184795815807732
全部沪深A股，日波动率不高于1.5%,2018,1,1712,1708,926,-0.0018794459880314299,-0.0018642053894507016,0.4332552693208431,-0.0034755610111878907,-0.001752505432551709
全部沪深A股，日波动率不高于1.5%,2018,3,1712,1695,926,-0.010946782123998952,-0.00996907635548916,0.35811209439528024,-0.012528397384207487,-0.007188893068127315
全部沪深A股，日波动率不高于1.5%,2018,5,1712,1688,926,-0.02012158608729283,-0.015496376001738588,0.34834123222748814,-0.021688529730549414,-0.01318615488138447
全部沪深A股，日波动率不高于1.5%,2018,10,1712,1674,926,-0.0303911362707859,-0.02131895992026628,0.35603345280764637,-0.03194165766598532,-0.018092618341085536
全部沪深A股，日波动率不高于1.5%,2018,20,1712,1665,926,-0.04789975861033089,-0.04465194013786744,0.31771771771771773,-0.04942228160890518,-0.01913142710878326
全部沪深A股，日波动率不高于1.5%,2019,1,3393,3392,1493,0.0020351267523794478,0.0,0.4852594339622642,0.0004327518557687281,0.0013676022867324996
全部沪深A股，日波动率不高于1.5%,2019,3,3393,3390,1493,0.007419469197800698,0.004544849473149037,0.5640117994100295,0.005808484088894068,-0.0008694060863838558
全部沪深A股，日波动率不高于1.5%,2019,5,3393,3390,1493,0.016161454179383482,0.010474174344070608,0.5985250737463127,0.014536489583224312,0.0010670007476291708
全部沪深A股，日波动率不高于1.5%,2019,10,3393,3383,1493,0.03642493052540468,0.026026260210895824,0.702926396689329,0.03476756218914892,0.009920912143187336
全部沪深A股，日波动率不高于1.5%,2019,20,3393,3384,1493,0.04946867220809896,0.035815241411559784,0.6864657210401891,0.04779044535733387,0.01600039435496009
全部沪深A股，日波动率不高于1.5%,2020,1,3453,3452,1500,0.005715389598152734,0.003112031946143734,0.5434530706836617,0.0041071295178398155,0.001402009677443877
全部沪深A股，日波动率不高于1.5%,2020,3,3453,3448,1500,0.007303376287701774,0.0027536187879798613,0.5348027842227379,0.0056925768253457,0.002466443546959533
全部沪深A股，日波动率不高于1.5%,2020,5,3453,3447,1500,0.009611325057940146,0.00020404877739355065,0.5050768784450247,0.007996834907430174,0.0034400083533203084
全部沪深A股，日波动率不高于1.5%,2020,10,3453,3444,1500,0.0031324271828583757,-0.005794322351233505,0.4573170731707317,0.001528297570652469,-0.0022046528977668683
全部沪深A股，日波动率不高于1.5%,2020,20,3453,3445,1500,0.013420314611271572,-0.002198083907248294,0.4896952104499274,0.011799733427544543,-0.0043827108993239475
全部沪深A股，日波动率不高于1.5%,2021,1,2891,2887,1403,0.0030609546855611385,0.0,0.4904745410460686,0.0014569393664896828,0.0026267286721524696
全部沪深A股，日波动率不高于1.5%,2021,3,2891,2880,1403,0.008021528299442797,0.0024508348740366337,0.5315972222222223,0.006409580425494312,0.008078985579701459
全部沪深A股，日波动率不高于1.5%,2021,5,2891,2881,1403,0.01162285269352775,0.003438423492554188,0.5400902464422076,0.010005145867972113,0.012406689986024129
全部沪深A股，日波动率不高于1.5%,2021,10,2891,2882,1403,0.023035828724371436,0.010429971713875719,0.5846634281748786,0.021399871175064512,0.026611096205435267
全部沪深A股，日波动率不高于1.5%,2021,20,2891,2880,1403,0.028618700361843826,0.011024783785878789,0.5586805555555555,0.026973815128143366,0.038003736732886
全部沪深A股，日波动率不高于1.5%,2022,1,1126,1126,688,0.0004837747994921862,-0.002213932966399046,0.43783303730017764,-0.0011161192984331912,0.0012543659915908026
全部沪深A股，日波动率不高于1.5%,2022,3,1126,1123,688,-0.00021440434132959834,-0.005220428286941359,0.43544078361531613,-0.0018131819666895707,0.003156456032297154
全部沪深A股，日波动率不高于1.5%,2022,5,1126,1123,688,-0.001380484123553368,-0.0068817518717873005,0.41585040071237755,-0.0029773970468479193,0.003726846978366003
全部沪深A股，日波动率不高于1.5%,2022,10,1126,1123,688,-0.009045091630789969,-0.017199137447595825,0.37399821905609976,-0.010629747923219914,0.002435299571975938
全部沪深A股，日波动率不高于1.5%,2022,20,1126,1122,688,-0.014454233548926762,-0.03076229290013105,0.357397504456328,-0.016030239971715994,0.0069729405021604525
全部沪深A股，日波动率不高于1.5%,2023,1,5068,5063,2309,0.002166238442149321,0.0,0.4712620975706103,0.0005636538821498378,0.0025245796187070416
全部沪深A股，日波动率不高于1.5%,2023,3,5068,5061,2309,0.0021045585116181743,-0.00294529546936384,0.4593953764078245,0.0005020725852590395,0.004388438635696
全部沪深A股，日波动率不高于1.5%,2023,5,5068,5061,2309,0.000442735076576619,-0.005630641005710424,0.4426002766251729,-0.0011570933938871918,0.0046001781531083
全部沪深A股，日波动率不高于1.5%,2023,10,5068,5059,2309,-0.0029529924835296458,-0.010438189548328869,0.4143111286815576,-0.004547390776494912,0.006482228078863803
全部沪深A股，日波动率不高于1.5%,2023,20,5068,5051,2309,-0.011047537653844844,-0.02026146533378992,0.3918036032468818,-0.012628991793821749,0.009987260264029093
全部沪深A股，日波动率不高于1.5%,2024,1,1361,1361,908,0.007611166552904721,0.0060119865562069386,0.5723732549595886,0.005999874896830867,-0.0001399011435084337
全部沪深A股，日波动率不高于1.5%,2024,3,1361,1360,908,0.027222321278711374,0.003097768928695843,0.5235294117647059,0.0255796690234058,-0.005251731127481035
全部沪深A股，日波动率不高于1.5%,2024,5,1361,1359,908,0.01855973436165445,-0.001546572711313976,0.48933038999264167,0.016930934626530076,-0.013592114151567473
全部沪深A股，日波动率不高于1.5%,2024,10,1361,1360,908,0.0006100016133417733,-0.006924478621548158,0.4698529411764706,-0.000990094336467236,-0.03182506872664566
全部沪深A股，日波动率不高于1.5%,2024,20,1361,1361,908,0.023307476883296655,0.02411711066333,0.5686994856722998,0.02167108493585442,-0.041033615454700335
全部沪深A股，日波动率不高于1.5%,2025,1,3742,3740,2079,0.0023889175678664895,-0.0016821182904144805,0.4561497326203209,0.000785976917115768,0.0009224619438505335
全部沪深A股，日波动率不高于1.5%,2025,3,3742,3737,2079,0.0043772999580864195,-0.0022310682617815436,0.468022477923468,0.002771179644326005,-5.234326642456379e-06
全部沪深A股，日波动率不高于1.5%,2025,5,3742,3738,2079,0.0033584524321050788,-0.0031856783936433097,0.46869983948635635,0.0017539613782932592,-0.002624005519242807
全部沪深A股，日波动率不高于1.5%,2025,10,3742,3736,2079,0.00687870299874401,-0.0006310752755042115,0.4938436830835118,0.005268582640143203,-0.004417276242487639
全部沪深A股，日波动率不高于1.5%,2025,20,3742,3727,2079,0.01880834727831458,0.0009145742431571069,0.5041588408907969,0.017179149981182654,-0.006948301892508054
当日沪深300，不限波动率,2010,1,1214,1193,304,0.005190452569818668,0.0024449825956076587,0.537300922045264,0.003583031927060431,0.0006240097487253268
当日沪深300，不限波动率,2010,3,1214,1176,304,0.00816240097587012,-0.0001394209302641447,0.49489795918367346,0.006550227829539164,0.0008097917118826252
当日沪深300，不限波动率,2010,5,1214,1175,304,0.010764231111559087,0.004327273242002994,0.5285106382978724,0.009147897325362956,0.00030238937465381445
当日沪深300，不限波动率,2010,10,1214,1157,304,0.013051669459619534,0.0057515017372622435,0.5350043215211755,0.01143167778390574,0.004906381970352501
当日沪深300，不限波动率,2010,20,1214,1172,304,0.0022492232153688584,-0.006064988697007334,0.4812286689419795,0.0006465059527186877,0.0033261501273196045
当日沪深300，不限波动率,2011,1,1065,1052,294,0.0025377450616881096,0.0008547525586403149,0.5066539923954373,0.0009345664178434793,0.0015591628055895014
当日沪深300，不限波动率,2011,3,1065,1047,294,-0.0007522495503639403,-0.002307279639866544,0.46609360076408785,-0.0023501670964330705,0.0007769782279173319
当日沪深300，不限波动率,2011,5,1065,1040,294,-0.002783301844317419,-0.00420236685269515,0.47115384615384615,-0.004377971493059747,0.0005699432091575307
当日沪深300，不限波动率,2011,10,1065,1030,294,-0.004375870684661322,-0.005310780397732029,0.4640776699029126,-0.005967993623949294,0.0001689230003538368
当日沪深300，不限波动率,2011,20,1065,1037,294,-0.030306339276633853,-0.03281225988390102,0.3423336547733848,-0.03185699627244359,-0.009360278933481476
当日沪深300，不限波动率,2012,1,1504,1494,311,0.0022277265087952895,0.0006086256227068043,0.501338688085676,0.0006250436219689251,0.0007038176672476986
当日沪深300，不限波动率,2012,3,1504,1477,311,0.0020840214338307492,0.0004271701624842805,0.5091401489505755,0.00048156834873338,-0.0006026982838359785
当日沪深300，不限波动率,2012,5,1504,1480,311,0.004944837282742998,0.004622008694849411,0.5466216216216216,0.003337809408421443,-0.002624777681518195
当日沪深300，不限波动率,2012,10,1504,1487,311,0.014087897508822453,0.015552467826864591,0.5944855413584398,0.012466248779609357,-0.004706104183949145
当日沪深300，不限波动率,2012,20,1504,1477,311,0.028870758742850538,0.03335325573165848,0.6154366960054164,0.027225470437429913,-0.005283403673916458
当日沪深300，不限波动率,2013,1,1056,1054,278,0.003959092285347038,0.0,0.48861480075901326,0.0023536407360425565,0.002849047406694824
当日沪深300，不限波动率,2013,3,1056,1050,278,0.006217967657132037,-0.0031492250706730562,0.4780952380952381,0.004608903893950325,0.00457289785954873
当日沪深300，不限波动率,2013,5,1056,1041,278,0.0019121364069154525,-0.00843263809396988,0.4197886647454371,0.0003099581866854638,0.0017094257475946542
当日沪深300，不限波动率,2013,10,1056,1037,278,0.0015442363956246574,-0.013312236567432079,0.43008678881388623,-5.73535081613087e-05,0.005054112020619752
当日沪深300，不限波动率,2013,20,1056,1037,278,-0.004883541993396164,-0.021719112418032704,0.4127290260366442,-0.00647485310509534,0.010582918468286873
当日沪深300，不限波动率,2014,1,1783,1767,308,0.0085760680650248,0.003488365563419693,0.5608375778155065,0.00696323341517813,0.00206810184666222
当日沪深300，不限波动率,2014,3,1783,1754,308,0.01477695579538872,0.00519171953193831,0.5621436716077537,0.013154205178955087,0.0015365717185766238
当日沪深300，不限波动率,2014,5,1783,1744,308,0.01971021941653198,0.010337702927248449,0.5802752293577982,0.018079579917190117,-0.0005801296635771421
当日沪深300，不限波动率,2014,10,1783,1734,308,0.031315457347267275,0.016841612817499962,0.6164936562860438,0.02966625967423177,-0.0050067228854530944
当日沪深300，不限波动率,2014,20,1783,1730,308,0.06927375844734981,0.037001860668831044,0.6329479768786127,0.06756386087749743,-0.004590394457784873
当日沪深300，不限波动率,2015,1,886,880,275,0.0072774527149272634,0.00484871578190027,0.5590909090909091,0.005666694707487429,0.0027618119238391995
当日沪深300，不限波动率,2015,3,886,872,275,0.010710064598498234,0.004196344756765447,0.5355504587155964,0.009093817431082674,0.0007060255232470772
当日沪深300，不限波动率,2015,5,886,866,275,0.010749710310027095,0.005540234467502403,0.5438799076212472,0.00913339974434214,-0.0010990783520685855
当日沪深300，不限波动率,2015,10,886,854,275,0.015015475087227318,0.011123333149094305,0.5526932084309133,0.013392343049708346,-0.009858343342793348
当日沪深300，不限波动率,2015,20,886,856,275,0.04318260755092789,0.024819668936020944,0.5572429906542056,0.04151443287491816,-0.007912229590236707
当日沪深300，不限波动率,2016,1,1163,1158,298,0.0010776931532439815,-0.0016129507889920958,0.4421416234887737,-0.0005231506916865411,0.000275926701439917
当日沪深300，不限波动率,2016,3,1163,1154,298,-0.0017619974382674002,-0.006193902403005269,0.4124783362218371,-0.0033583002758055735,-0.0015816593352083288
当日沪深300，不限波动率,2016,5,1163,1155,298,-0.004576833275178468,-0.00909676237635304,0.4051948051948052,-0.006168634851071489,-0.004148455254010083
当日沪深300，不限波动率,2016,10,1163,1147,298,-0.004422409210342406,-0.010144929345227927,0.4149956408020924,-0.0060144577289206885,-0.0061975966601762605
当日沪深300，不限波动率,2016,20,1163,1150,298,-0.012426199331342954,-0.021070088215788763,0.391304347826087,-0.014005448825191232,-0.010053295858509425
当日沪深300，不限波动率,2017,1,1092,1089,283,0.0034021004999013746,0.0,0.4967860422405877,0.0017975396475702697,0.0027593908765932763
当日沪深300，不限波动率,2017,3,1092,1086,283,0.0016471790183894524,-0.0027728032259833335,0.4604051565377532,4.542449694678081e-05,0.0009687395921419066
当日沪深300，不限波动率,2017,5,1092,1084,283,0.0006759745316088375,-0.004368559596324928,0.44280442804428044,-0.0009242269168451303,-0.0005418461027203771
当日沪深300，不限波动率,2017,10,1092,1077,283,-0.001035208064092883,-0.0068902462253488395,0.44103992571959144,-0.00263267312540666,-0.005099711609830737
当日沪深300，不限波动率,2017,20,1092,1071,283,-0.003355361419843227,-0.01611226355010109,0.42296918767507,-0.004949116276400412,-0.012991002130566844
当日沪深300，不限波动率,2018,1,830,828,262,0.004621867493037518,0.00047404389380900636,0.5024154589371981,0.003015356086322301,0.003177986062234489
当日沪深300，不限波动率,2018,3,830,825,262,0.003401204348552665,-0.001754412802147498,0.4860606060606061,0.0017966449292755365,0.005206269074127629
当日沪深300，不限波动率,2018,5,830,824,262,0.0005738208296089953,-0.0026816035924060455,0.47451456310679613,-0.0010262172627676155,0.005030350121721962
当日沪深300，不限波动率,2018,10,830,827,262,-0.0006807266200660352,-0.0017411503683431029,0.4909310761789601,-0.0022787585399180583,0.010484192959878312
当日沪深300，不限波动率,2018,20,830,821,262,-0.020707081281705078,-0.02859103520949202,0.37880633373934225,-0.022273088647603148,0.006676152566952688
当日沪深300，不限波动率,2019,1,1423,1422,292,0.0012102642863421498,-0.0015302470350312403,0.4571026722925457,-0.00039079155580286465,0.0008257496574964227
当日沪深300，不限波动率,2019,3,1423,1422,292,0.008420350201932233,0.0018370226202532036,0.5189873417721519,0.00680776456371012,0.00014305472329732304
当日沪深300，不限波动率,2019,5,1423,1421,292,0.015593981618873216,0.006550180520496607,0.5545390570021111,0.013969924479709517,0.0008995136875906702
当日沪深300，不限波动率,2019,10,1423,1421,292,0.025713141905515942,0.013063047837476915,0.5798733286418015,0.024072903009859682,0.0027661367735100076
当日沪深300，不限波动率,2019,20,1423,1421,292,0.029296835131202653,0.012488227135558194,0.558057705840957,0.027650865478301777,-0.00668264202661563
当日沪深300，不限波动率,2020,1,1199,1197,278,0.003972812714062464,0.0,0.4853801169590643,0.002367339224139376,0.00010148552914795035
当日沪深300，不限波动率,2020,3,1199,1197,278,-0.00011309381561498348,-0.007590939163680699,0.4344193817878028,-0.0017120334487118385,-0.003700086563042597
当日沪深300，不限波动率,2020,5,1199,1196,278,-0.00046734017691422243,-0.010460428083954032,0.431438127090301,-0.0020657133273984424,-0.0035067828583009086
当日沪深300，不限波动率,2020,10,1199,1188,278,0.00838289234725842,-0.01737455180112779,0.4090909090909091,0.0067703666086589885,0.0014731128744904889
当日沪深300，不限波动率,2020,20,1199,1196,278,0.007241529145538832,-0.022126176137227782,0.4096989966555184,0.0056308285842146515,-0.007598673616105047
当日沪深300，不限波动率,2021,1,915,915,265,0.0027660942046645984,0.0,0.4972677595628415,0.001162550403027988,0.0019873743616440017
当日沪深300，不限波动率,2021,3,915,912,265,0.0075644724891589035,0.0021712557045503456,0.5230263157894737,0.005953255502518857,0.005946793860514429
当日沪深300，不限波动率,2021,5,915,912,265,0.008948462648803812,0.0017040473962202096,0.5087719298245614,0.007335032495150184,0.007760075002807423
当日沪深300，不限波动率,2021,10,915,914,265,0.011212845694251546,7.678720067694211e-05,0.5010940919037199,0.009595794519286925,0.0158640203701686
当日沪深300，不限波动率,2021,20,915,914,265,0.006626361608986365,-0.00878895137861202,0.4638949671772429,0.005016644774670802,0.015519818615644962
当日沪深300，不限波动率,2022,1,622,622,254,0.0036037844821903485,0.00013934545143901023,0.5016077170418006,0.00199890111287192,0.001794930512877325
当日沪深300，不限波动率,2022,3,622,620,254,0.0007739781056107894,-0.0027248146289214903,0.4693548387096774,-0.0008263800623658453,-0.00257280299584581
当日沪深300，不限波动率,2022,5,622,620,254,-0.003969687488008446,-0.0046923161219461496,0.4532258064516129,-0.0055624599631663415,-0.006167226134934143
当日沪深300，不限波动率,2022,10,622,621,254,-0.008028739671073747,-0.007380536979207819,0.44605475040257647,-0.009615021232741163,-0.010778012375910386
当日沪深300，不限波动率,2022,20,622,621,254,-0.01593621842149777,-0.021076326972902515,0.44122383252818037,-0.01750985497192068,-0.01407581331358457
当日沪深300，不限波动率,2023,1,801,801,240,0.0029775445359909052,0.0009842434964513203,0.5081148564294632,0.0013736625997981832,0.0036954657399631235
当日沪深300，不限波动率,2023,3,801,801,240,0.009281841017897297,0.0007524387417188194,0.5068664169787765,0.007667877752064829,0.011304843983611998
当日沪深300，不限波动率,2023,5,801,801,240,0.011276345667042938,-0.001655615161078483,0.4818976279650437,0.009659192947971117,0.01532316283236998
当日沪深300，不限波动率,2023,10,801,801,240,0.006353784096518737,-0.006214158958171123,0.4544319600499376,0.004744503146486783,0.017604290862298456
当日沪深300，不限波动率,2023,20,801,801,240,-0.008281551297602448,-0.02638541453553922,0.39325842696629215,-0.00986742858301935,0.012878156988895138
当日沪深300，不限波动率,2024,1,1073,1073,276,-0.005603528395681765,-0.0046920413211943846,0.42218080149114634,-0.00719368816237704,0.0006597925237255536
当日沪深300，不限波动率,2024,3,1073,1073,276,-0.006441636255498164,-0.01985577801829952,0.34855545200372784,-0.008030455786747217,-0.004506222800769082
当日沪深300，不限波动率,2024,5,1073,1073,276,-0.006451164814524047,-0.021155733654009024,0.37744641192917056,-0.008039969108459184,-0.0007032690920220167
当日沪深300，不限波动率,2024,10,1073,1073,276,-0.0016841334208814456,-0.015604427027483658,0.42218080149114634,-0.003280560772364761,-0.005027555931285733
当日沪深300，不限波动率,2024,20,1073,1073,276,0.027299039694295382,0.00499769036211517,0.5153774464119292,0.025656264756999978,0.00538104662157019
当日沪深300，不限波动率,2025,1,709,705,236,0.0042815112593081696,0.0,0.4921985815602837,0.0026755441232180826,0.0028480111941491825
当日沪深300，不限波动率,2025,3,709,702,236,0.006984098698993998,-0.0019220852913039987,0.47435897435897434,0.005373809799970025,0.002479245606154322
当日沪深300，不限波动率,2025,5,709,701,236,0.007575279442192921,-0.0022484484072340383,0.48359486447931527,0.0059640451739329135,-0.0003107453844815529
当日沪深300，不限波动率,2025,10,709,701,236,0.015323011146506202,-0.0017321729884377524,0.4864479315263909,0.01369938732177535,0.002247892194800855
当日沪深300，不限波动率,2025,20,709,704,236,0.0264047221456762,0.006570094389719006,0.5326704545454546,0.024763377329891756,-0.0017835308166049854
