event,universe,sample,daily_volatility_cutoff,horizon_days,signal_count,tradeable_count,stock_count,year_count,mean_gross_return,median_gross_return,gross_up_rate,mean_net_return,median_net_return,net_up_rate,mean_benchmark_return,mean_excess_return,median_excess_return,mean_net_return_ci95_low,mean_net_return_ci95_high
连续两日放量,全部沪深A股,全部信号,0.015,1,62383,62234,4653,16,0.0020965692002610867,0.0,0.478725455538773,0.0004940960497733913,-0.0015991204837340067,0.4595719381688466,0.001295212162014069,0.0008013570382470178,-0.0018165141452790579,-0.0005734233231842015,0.001561615422730984
连续两日放量,全部沪深A股,全部信号,0.015,3,62383,62045,4653,16,0.0035062982307166968,-0.0010830917633990467,0.48347167378515593,0.001901570753659885,-0.002680480252908457,0.4639052300749456,0.003086119623836777,0.000420178606879919,-0.0038358695913384144,-0.0012998576035285966,0.0051029991108483665
连续两日放量,全部沪深A股,全部信号,0.015,5,62383,61967,4653,16,0.003384640469479911,-0.0020507263987828983,0.47964239030451694,0.001780107537841099,-0.003646567523925892,0.4643923378572466,0.003482355143672553,-9.771467419264243e-05,-0.004859162460881583,-0.001980946359135834,0.0055411614348180325
连续两日放量,全部沪深A股,全部信号,0.015,10,62383,61860,4653,16,0.004593778781064555,-0.0013050786205739962,0.4898318784351762,0.0029873122915840193,-0.0029021121263529404,0.47767539605560944,0.00444307981064874,0.0001506989704158145,-0.006134089476946825,-0.003780437731521717,0.009755062314689755
连续两日放量,全部沪深A股,全部信号,0.015,20,62383,61629,4653,16,0.00880360014760603,-0.001747537573590141,0.49084035113339497,0.007190401646545398,-0.003343863534194136,0.4830193577698811,0.00833913900748659,0.0004644611401194412,-0.009136352797728398,-0.004494518916596694,0.01887532220968749
连续两日放量,全部沪深A股,全部信号,0.01,1,10450,10427,2272,16,0.0020922491654775627,0.0,0.48336050637767336,0.0004897829232459806,-0.0015991204837338957,0.46005562482017837,0.0018545368914810426,0.00023771227399651951,-0.001709381902151641,-0.00105079938793986,0.0020303652344318213
连续两日放量,全部沪深A股,全部信号,0.01,3,10450,10402,2272,16,0.0033021781021767733,-8.731395856581559e-05,0.48961738127283216,0.0016977770377986513,-0.0016862948167601366,0.4630840223034032,0.0034523684097107774,-0.00015019030753400417,-0.003117278231709375,-0.001866230860150154,0.005261784935747456
连续两日放量,全部沪深A股,全部信号,0.01,5,10450,10385,2272,16,0.0030339274036210295,-0.0005929170949349194,0.48849301877708234,0.0014299553044297454,-0.002191089432797222,0.46894559460760715,0.004100028615838141,-0.0010661012122171124,-0.0043231956079599065,-0.003052361002829653,0.005912271611689144
连续两日放量,全部沪深A股,全部信号,0.01,10,10450,10379,2272,16,0.002540259518590207,-5.39913752548582e-05,0.4960015415743328,0.0009370768538260368,-0.0016530255202746869,0.48097119182965603,0.004532343851709798,-0.0019920843331195912,-0.005635933289329875,-0.005918792492028747,0.007792946199680821
连续两日放量,全部沪深A股,全部信号,0.01,20,10450,10347,2272,16,0.0014153798135095944,-0.004266147797771791,0.47327727843819467,-0.00018600403307644371,-0.005858446197175904,0.46477239779646273,0.006249225368065109,-0.004833845554555514,-0.010138545057226445,-0.011369855284323964,0.010997847218171075
连续两日放量,全部沪深A股,同股至少间隔20日,0.015,1,33732,33650,4653,16,0.0020888820405524752,0.0,0.4761069836552749,0.00048642118275933155,-0.0015991204837340067,0.4561961367013373,0.0013649447341654863,0.0007239373063869887,-0.0018387735005630512,-0.0006014516946271886,0.0015742940601458518
连续两日放量,全部沪深A股,同股至少间隔20日,0.015,3,33732,33539,4653,16,0.004155215783403498,-0.0005087080991005299,0.4887444467634694,0.00254945060899593,-0.0021070150972928303,0.4683800948149915,0.0036339103872311024,0.000521305396172395,-0.003542463031344978,-0.0012212193793009183,0.006320120597292778
连续两日放量,全部沪深A股,同股至少间隔20日,0.015,5,33732,33499,4653,16,0.004258805394774533,-0.0009540953634448179,0.4896265560165975,0.0026528745680975212,-0.0025516901337395703,0.47413355622555897,0.004437417010902893,-0.0001786116161283608,-0.004851024982204022,-0.0016427844839954314,0.006948533620190473
连续两日放量,全部沪深A股,同股至少间隔20日,0.015,10,33732,33445,4653,16,0.005691725157847512,-2.5141476562962062e-05,0.49804156077141576,0.0040835029198258216,-0.0016242217560467065,0.4856630288533413,0.00571593630981948,-2.4211151971969493e-05,-0.0064425235232214995,-0.0023058581412440573,0.0104728639808957
连续两日放量,全部沪深A股,同股至少间隔20日,0.015,20,33732,33327,4653,16,0.009897303626219763,-6.946433507271088e-05,0.4980646322801332,0.00828235616152335,-0.0016684737369657698,0.4902931556995829,0.009580686216600316,0.0003166174096194473,-0.008704164856744745,-0.0030388047190222384,0.01960351704206894
连续两日放量,全部沪深A股,同股至少间隔20日,0.01,1,6170,6156,2208,16,0.001964207967870233,0.0,0.4787199480181936,0.00036194647894050827,-0.0015991204837340067,0.4571150097465887,0.0021000086561130623,-0.00013580068824282874,-0.0018303040254691316,-0.0014798495061173072,0.002203742463998324
连续两日放量,全部沪深A股,同股至少间隔20日,0.01,3,6170,6139,2208,16,0.00371873448053675,0.0,0.4956833360482163,0.0021136672923213616,-0.0015991204837341177,0.4665254927512624,0.003820595679142848,-0.00010186119860609788,-0.0030373074049829807,-0.0020087519178294514,0.006236086502472175
连续两日放量,全部沪深A股,同股至少间隔20日,0.01,5,6170,6128,2208,16,0.003394493136963793,-0.0001592757020634772,0.491677545691906,0.001789944449722588,-0.0017581414847597232,0.4720953002610966,0.004462851478142746,-0.0010683583411789526,-0.0040606642931358405,-0.0030911179841345256,0.006671006883579702
连续两日放量,全部沪深A股,同股至少间隔20日,0.01,10,6170,6122,2208,16,0.0034317804870637584,0.0,0.49950996406403136,0.001827172172857225,-0.0015991204837338957,0.48627899379287814,0.00557880989047307,-0.0021470294034093102,-0.0057554883274284485,-0.004318116068247117,0.007972460413961567
连续两日放量,全部沪深A股,同股至少间隔20日,0.01,20,6170,6112,2208,16,0.004757181475060381,-0.0016586200455730449,0.4869109947643979,0.0031504536849847804,-0.0032550881960174416,0.47742146596858637,0.008285368100307593,-0.0035281866252472125,-0.00915071212719265,-0.0067827763534177975,0.013083683723387357
连续两日放量,当日沪深300,全部信号,0.015,1,7263,7241,593,16,0.0031663102609718946,0.0,0.4883303411131059,0.0015621264656417249,-0.0015991204837338957,0.46471481839524925,0.002461935823652103,0.0007043744373197917,-0.0018640673661221019,3.279612036221832e-05,0.0030914568109212314
连续两日放量,当日沪深300,全部信号,0.015,3,7263,7217,593,16,0.006277485930385074,-7.080892111477333e-05,0.4934183178606069,0.00466832699031345,-0.0016698161728525562,0.47055563253429405,0.0055048066004493934,0.0007726793299356802,-0.0033318846155815374,0.0006714977394006094,0.00866515624122629
连续两日放量,当日沪深300,全部信号,0.015,5,7263,7205,593,16,0.00730782743397576,0.0007606746593455949,0.5095072866065232,0.005697020853700505,-0.0008396622348175731,0.4916030534351145,0.00697774641749426,0.00033008101648150147,-0.004272240298090035,0.001144034070960133,0.010250007636440878
连续两日放量,当日沪深300,全部信号,0.015,10,7263,7195,593,16,0.01103947408184236,0.0015073313056459536,0.5146629603891592,0.009422700148974443,-9.41995824547126e-05,0.49895760945100764,0.00966710726373873,0.0013723668181036288,-0.006308569397910135,0.0020084583605038276,0.01683694193744506
连续两日放量,当日沪深300,全部信号,0.015,20,7263,7174,593,16,0.013722721692173886,-0.00011941132371418028,0.49804850850292726,0.01210165692308936,-0.00171834085435435,0.4894061890158907,0.015102679238747339,-0.0013799575465734497,-0.011059705525581554,-6.021939508590868e-06,0.024209335785687312
连续两日放量,当日沪深300,全部信号,0.01,1,1985,1980,316,16,0.003786264411066187,0.0006807670912498676,0.5015151515151515,0.0021810892343556297,-0.0009194420210844045,0.47474747474747475,0.0029477076778541547,0.0008385567332120326,-0.0011789782294320261,-0.0002583057818708063,0.004620484250582066
连续两日放量,当日沪深300,全部信号,0.01,3,1985,1978,316,16,0.006349242750350029,0.00036908042574013145,0.5106167846309403,0.004739969062477749,-0.0012306302620627707,0.47674418604651164,0.005530729416748804,0.0008185133336012238,-0.002645979461014969,0.000837760965798478,0.00864217715915702
连续两日放量,当日沪深300,全部信号,0.01,5,1985,1976,316,16,0.007201116444097611,0.0022062118637892203,0.5328947368421053,0.005590480507552109,0.0006035633814722718,0.507085020242915,0.007290468181122912,-8.935173702530223e-05,-0.0034635006954601977,0.0012304193873224293,0.009950541627781789
连续两日放量,当日沪深300,全部信号,0.01,10,1985,1973,316,16,0.00701923521234209,0.0018566648874032143,0.5190065889508363,0.0054088901257998935,0.000254575372816479,0.503294475418145,0.007841739361722546,-0.0008225041493804572,-0.004883614596352226,-0.0014727227098009768,0.012290502961400763
连续两日放量,当日沪深300,全部信号,0.01,20,1985,1971,316,16,0.006654075478977983,-0.002570259528429153,0.4774226281075596,0.005044314326845247,-0.0041652698575026514,0.46778285134449515,0.010684478559732055,-0.004030403080754072,-0.007868296870566338,-0.00633271887385821,0.016421347527548705
连续两日放量,当日沪深300,同股至少间隔20日,0.015,1,3955,3941,593,16,0.0032404132964010683,0.0,0.489723420451662,0.001636111001389039,-0.0015991204837338957,0.46257295102765794,0.00249805148935198,0.0007423618070490875,-0.0018308816806935635,-0.00024851530501536576,0.003520737307793444
连续两日放量,当日沪深300,同股至少间隔20日,0.015,3,3955,3926,593,16,0.007038543688205754,0.0006043733468580337,0.5099337748344371,0.005428167725084295,-0.0009957136026748081,0.4847172694854814,0.005432049046086822,0.0016064946421189322,-0.002243774292494116,0.0008210072886672493,0.01003532816150134
连续两日放量,当日沪深300,同股至少间隔20日,0.015,5,3955,3922,593,16,0.007845971761670645,0.0014629962186534229,0.5165731769505354,0.006234304623777768,-0.0001384637723014226,0.4974502804691484,0.006600936108165379,0.0012450356535052647,-0.0036837287695555276,0.001473068861715156,0.010995540385840379
连续两日放量,当日沪深300,同股至少间隔20日,0.015,10,3955,3911,593,16,0.011778300540883767,0.001790952768641496,0.517003323958067,0.010160345135491277,0.0001889683356497418,0.5014062899514191,0.009810050248789797,0.0019682502920939705,-0.0062088073461576965,0.003426622064300093,0.01689406820668246
连续两日放量,当日沪深300,同股至少间隔20日,0.015,20,3955,3904,593,16,0.016590048352558433,0.003570439744976839,0.5189549180327869,0.01496439838267773,0.0019656096979108195,0.5102459016393442,0.016281969927031056,0.00030807842552737667,-0.009175349856388126,0.0035923903075362057,0.026336406457819254
连续两日放量,当日沪深300,同股至少间隔20日,0.01,1,1146,1143,307,16,0.004161704202736111,0.0012421738090282464,0.5153105861767279,0.0025559286525642885,-0.00035893306028811356,0.48556430446194226,0.003350540380978961,0.0008111638217571503,-0.0010014174333068393,-0.000722663832751018,0.005834521137879595
连续两日放量,当日沪深300,同股至少间隔20日,0.01,3,1146,1141,307,16,0.007093819707192832,0.0012469874567992978,0.530236634531113,0.005483355351057148,-0.00035412711011972853,0.49167397020157755,0.0054547045599939075,0.0016391151471989239,-0.002026570183675469,0.0004574645812236919,0.010509246120890605
连续两日放量,当日沪深300,同股至少间隔20日,0.01,5,1146,1140,307,16,0.007798747147544693,0.0022062118637892203,0.5359649122807018,0.006187155527499599,0.0006035633814722718,0.5070175438596491,0.0074171949325022414,0.0003815522150424513,-0.0031308465298321986,0.0012290732236069453,0.011145237831392252
连续两日放量,当日沪深300,同股至少间隔20日,0.01,10,1146,1137,307,16,0.008283625665941692,0.0018790525513028289,0.5224274406332454,0.006671258666725709,0.00027692723614403114,0.5048372911169745,0.009574355937479483,-0.0012907302715377898,-0.005209401605282715,0.00022478153963392724,0.01311773579381749
连续两日放量,当日沪深300,同股至少间隔20日,0.01,20,1146,1138,307,16,0.009754015142920302,0.0008675808304656751,0.5070298769771528,0.00813929681377262,-0.0007329270195456372,0.4947275922671353,0.013742424837851552,-0.00398840969493125,-0.007499684927839145,-0.0020584195136751325,0.01833701314122037
连续两日放量+第二日整根K线大于实体2倍,全部沪深A股,全部信号,0.015,1,33389,33325,4311,16,0.0026926925079448234,0.0,0.48699174793698424,0.001089266084464979,-0.0015991204837340067,0.4667966991747937,0.0014072382350745957,0.0012854542728702276,-0.0015206064420608678,-8.547812054956637e-05,0.0022640102894795244
连续两日放量+第二日整根K线大于实体2倍,全部沪深A股,全部信号,0.015,3,33389,33228,4311,16,0.004487603564277996,-0.00017574406640702422,0.4903996629348742,0.00288130686176149,-0.0017745835142045085,0.469844709281329,0.003229491494587771,0.0012581120696902252,-0.003305134901020468,-0.000442966143880241,0.006205579867403221
连续两日放量+第二日整根K线大于实体2倍,全部沪深A股,全部信号,0.015,5,33389,33195,4311,16,0.004739983906687046,-0.0009146786899872916,0.4894110558819099,0.003133283617595301,-0.0025123364922921,0.47359542099713814,0.004071658400250522,0.000668325506436523,-0.004264056579096898,-0.0013897962859211162,0.007656363521111718
连续两日放量+第二日整根K线大于实体2倍,全部沪深A股,全部信号,0.015,10,33389,33110,4311,16,0.00650454481286332,8.882617616556843e-06,0.5003322259136213,0.004895022778281713,-0.001590252070493181,0.48797946239806705,0.005453297910850349,0.0010512469020129713,-0.005796373728961357,-0.0028224058006408193,0.012612451357204246
连续两日放量+第二日整根K线大于实体2倍,全部沪深A股,全部信号,0.015,20,33389,32979,4311,16,0.009947431209894443,-0.0006662550129868938,0.49561842384547744,0.008332403585152177,-0.0022643100746821965,0.4879771976106007,0.008583333242328137,0.0013640979675663086,-0.008785750012391569,-0.004154573051113249,0.020819380221417605
连续两日放量+第二日整根K线大于实体2倍,全部沪深A股,全部信号,0.01,1,5522,5513,1839,16,0.002458437472326448,0.0,0.4948304008706693,0.0008553856508724779,-0.0015991204837338957,0.4699800471612552,0.001844887780575847,0.0006135496917506009,-0.0012836361848946876,-0.000643469861851271,0.002354241163596227
连续两日放量+第二日整根K线大于实体2倍,全部沪深A股,全部信号,0.01,3,5522,5500,1839,16,0.004305020829414259,0.0,0.498,0.002699016098689049,-0.0015991204837340067,0.4678181818181818,0.0031409447145537136,0.001164076114860546,-0.0023432224500863352,-0.0008262030406606365,0.006224235238038734
连续两日放量+第二日整根K线大于实体2倍,全部沪深A股,全部信号,0.01,5,5522,5488,1839,16,0.004189456510550526,-5.135638620806793e-05,0.49526239067055394,0.002583636581094802,-0.0016503947448929246,0.47594752186588923,0.003864331772491065,0.00032512473805946157,-0.003696123096637416,-0.0019861239444005727,0.0071533971065901765
连续两日放量+第二日整根K线大于实体2倍,全部沪深A股,全部信号,0.01,10,5522,5481,1839,16,0.004524177599598737,0.00028578565715853266,0.5048348841452289,0.0029178224107931756,-0.0013137918322737585,0.4902390074803868,0.005092178251262523,-0.000568000651663787,-0.0049496442823396825,-0.004401305099738425,0.010236949921324776
连续两日放量+第二日整根K线大于实体2倍,全部沪深A股,全部信号,0.01,20,5522,5465,1839,16,0.0021082540624698417,-0.0030821158911079616,0.48124428179322964,0.0005057622264796406,-0.004676307700187232,0.4737419945105215,0.005506240011805018,-0.003397985949335175,-0.009053351314300406,-0.011245194155200373,0.012256718608159654
连续两日放量+第二日整根K线大于实体2倍,全部沪深A股,同股至少间隔20日,0.015,1,22702,22659,4311,16,0.002874172861287717,0.0,0.48867999470409107,0.0012704562288574466,-0.0015991204837340067,0.4680700825279139,0.0015663450318678343,0.0013078278294198825,-0.0014611355965675754,-0.0001864418745974295,0.0027273543323123226
连续两日放量+第二日整根K线大于实体2倍,全部沪深A股,同股至少间隔20日,0.015,3,22702,22583,4311,16,0.0051597987757061835,-2.8525441161830756e-05,0.49594827967940486,0.003552427152058013,-0.001627600309278554,0.4752247265642297,0.003699682564851517,0.0014601162108546664,-0.0027283294159284877,-0.0005322003484071751,0.007637054652523201
连续两日放量+第二日整根K线大于实体2倍,全部沪深A股,同股至少间隔20日,0.015,5,22702,22561,4311,16,0.005508920757527789,-1.7276743522920412e-05,0.4978059483178937,0.003900990845767167,-0.0016163695996624927,0.48193785736447853,0.004735751531142596,0.0007731692263851943,-0.004062775209323299,-0.0009593491863689129,0.008761330877903246
连续两日放量+第二日整根K线大于实体2倍,全部沪深A股,同股至少间隔20日,0.015,10,22702,22508,4311,16,0.007308014793017804,0.0006152614515472221,0.5061311533676914,0.0056972079131328655,-0.000984842909376893,0.49369113204194065,0.006219349721371264,0.001088665071646539,-0.005855072901943592,-0.0015831740114623117,0.012977589837728043
连续两日放量+第二日整根K线大于实体2倍,全部沪深A股,同股至少间隔20日,0.015,20,22702,22425,4311,16,0.011488200848197593,7.360965691494137e-05,0.5010925306577481,0.009870709347165997,-0.0015256285375291334,0.49333333333333335,0.009715287022020161,0.0017729138261774325,-0.007940815712326521,-0.0023553588527751943,0.02209677754710719
连续两日放量+第二日整根K线大于实体2倍,全部沪深A股,同股至少间隔20日,0.01,1,3997,3991,1799,16,0.002478720993165176,0.0,0.48834878476572285,0.0008756367359175521,-0.0015991204837338957,0.4655474818341268,0.0019405021343014768,0.0005382188588636993,-0.0012392192469259378,-0.0009836261687029653,0.0027348996405380695
连续两日放量+第二日整根K线大于实体2倍,全部沪深A股,同股至少间隔20日,0.01,3,3997,3980,1799,16,0.004675430699126015,0.0,0.49874371859296485,0.0030688336383907716,-0.0015991204837339512,0.46733668341708545,0.0035041072803555845,0.0011713234187704306,-0.0019437875638085855,-0.0010517139065555478,0.007189381183337091
连续两日放量+第二日整根K线大于实体2倍,全部沪深A股,同股至少间隔20日,0.01,5,3997,3971,1799,16,0.004516041120658002,-7.973579267439579e-05,0.4943339209267187,0.0029096989430625834,-0.001678728769269,0.47519516494585745,0.004352336920724345,0.00016370419993365714,-0.0036968279042157715,-0.0020211763718007035,0.007840574257925871
连续两日放量+第二日整根K线大于实体2倍,全部沪深A股,同股至少间隔20日,0.01,10,3997,3967,1799,16,0.0054338105829672195,0.0003519527337463302,0.5054197126291908,0.0038260007814252778,-0.0012477305648135317,0.4928157297706075,0.005776281765775609,-0.00034247118280838866,-0.004478625484714671,-0.003002119594271741,0.010654121157122297
连续两日放量+第二日整根K线大于实体2倍,全部沪深A股,同股至少间隔20日,0.01,20,3997,3958,1799,16,0.004179379193274591,-0.002100642015069154,0.4861040929762506,0.0025735753786633436,-0.0036964033191277945,0.4770085901970692,0.007287266852176552,-0.0031078876589019583,-0.009222222576236838,-0.008513155448249949,0.013660306205576636
连续两日放量+第二日整根K线大于实体2倍,当日沪深300,全部信号,,1,17335,17250,777,16,0.003324100456543812,0.0,0.49826086956521737,0.0017196643356797718,-0.0015991204837338957,0.4791884057971014,0.0016785267172696498,0.001645573739274162,-0.0017884425420882644,-0.00029149615151264794,0.0037308248228721916
连续两日放量+第二日整根K线大于实体2倍,当日沪深300,全部信号,,3,17335,17168,777,16,0.004711121387712345,-0.001575302811562318,0.4830498602050326,0.003104467253265907,-0.003171904196302311,0.46726467847157505,0.0036583983138977166,0.0010527230738146297,-0.004284330090722155,-0.0013843398926658458,0.00759327439919766
连续两日放量+第二日整根K线大于实体2倍,当日沪深300,全部信号,,5,17335,17133,777,16,0.005450643178326267,-0.0013824487954727793,0.4878305025389599,0.003842806459436289,-0.0029793585770203634,0.4762738574680441,0.005025467129960749,0.00042517604836551785,-0.0065125853031478,-0.0024220746615961153,0.010107687580468695
连续两日放量+第二日整根K线大于实体2倍,当日沪深300,全部信号,,10,17335,17069,777,16,0.0093327803619149,0.0,0.49961919268849964,0.007718735637933979,-0.0015991204837341177,0.4897182025894897,0.008932518292752444,0.0004002620691624548,-0.009358154865271473,-0.00037468083938964683,0.015812152115257605
连续两日放量+第二日整根K线大于实体2倍,当日沪深300,全部信号,,20,17335,17081,777,16,0.012786664619848767,-0.00404121666595092,0.48392951232363446,0.01116709671880254,-0.005633874757335122,0.47825068789883496,0.014873872512945608,-0.0020872078930968397,-0.01620892970043908,-0.00263905472152374,0.024973248159128818
连续两日放量+第二日整根K线大于实体2倍,当日沪深300,全部信号,0.025,1,11222,11175,748,16,0.0032958107203556355,0.0,0.4955704697986577,0.001691419838188214,-0.0015991204837338957,0.47516778523489933,0.002122298142735598,0.001173512577620038,-0.0019790012873011076,4.381330398039616e-05,0.0033390263723960317
连续两日放量+第二日整根K线大于实体2倍,当日沪深300,全部信号,0.025,3,11222,11124,748,16,0.006131619376126432,-0.00018391011769153254,0.49325782092772386,0.0045226936942496165,-0.0017827365069891243,0.4749190938511327,0.004584420270541457,0.0015471991055849754,-0.003631115416082742,0.0003417947801866404,0.008703592608312593
连续两日放量+第二日整根K线大于实体2倍,当日沪深300,全部信号,0.025,5,11222,11103,748,16,0.006943946157121212,3.4996306346180006e-06,0.5002251643699901,0.0053337214668494224,-0.001595626449430565,0.4867153021705845,0.006114821144654349,0.0008291250124668634,-0.005336229096674305,-0.00028248075992345825,0.010949923693622302
连续两日放量+第二日整根K线大于实体2倍,当日沪深300,全部信号,0.025,10,11222,11069,748,16,0.010909191099864487,0.0017728572710595802,0.5119703676935586,0.009292625505181734,0.0001709017749487174,0.5013099647664649,0.010022343946143512,0.0008868471537209753,-0.007830821065367699,0.0013377220990666745,0.017247528911296793
连续两日放量+第二日整根K线大于实体2倍,当日沪深300,全部信号,0.025,20,11222,11064,748,16,0.014967337026483698,-0.001161783283253559,0.49493853940708604,0.013344281967523703,-0.0027590459355416597,0.48797903109182933,0.015747315304874474,-0.0007799782783907795,-0.01345674479466058,-0.001358501005046267,0.028047064940093673
连续两日放量+第二日整根K线大于实体2倍,当日沪深300,全部信号,0.02,1,7733,7703,704,16,0.0033848449811685532,0.0,0.4940932104374919,0.0017803117224909095,-0.0015991204837338957,0.4708555108399325,0.0022612831418543553,0.0011235618393141977,-0.0019046853105989525,0.00014619967768553926,0.0034144237672962797
连续两日放量+第二日整根K线大于实体2倍,当日沪深300,全部信号,0.02,3,7733,7670,704,16,0.006674891040430829,0.0,0.4989569752281617,0.005065096601707392,-0.0015991204837340067,0.47926988265971315,0.004952578811047255,0.0017223122293835737,-0.003040337904404944,0.0006987527610383681,0.009431440442376416
连续两日放量+第二日整根K线大于实体2倍,当日沪深300,全部信号,0.02,5,7733,7656,704,16,0.0077128617887748,0.0003763054334838811,0.5047021943573667,0.00610140750976617,-0.0012234168079768293,0.48968129571577845,0.006466009663739,0.0012468521250358006,-0.004776948150868376,0.0005973236833223721,0.011605491336209969
连续两日放量+第二日整根K线大于实体2倍,当日沪深300,全部信号,0.02,10,7733,7642,704,16,0.011973821745809977,0.0024997383216418534,0.5191049463491233,0.010355553678453679,0.0008966204551537071,0.5069353572363255,0.010164391490053161,0.0018094302557568158,-0.006415060669953676,0.0023744951987968374,0.01833661215811052
连续两日放量+第二日整根K线大于实体2倍,当日沪深300,全部信号,0.02,20,7733,7634,704,16,0.01574751836540057,3.4761459970500397e-06,0.5002619858527639,0.01412321570248049,-0.0015956498965131738,0.49240241026984544,0.015695594369459845,5.192399594072385e-05,-0.011486154820501748,-0.0006335044848557736,0.028879935889816754
连续两日放量+第二日整根K线大于实体2倍,当日沪深300,全部信号,0.015,1,3906,3898,537,16,0.0037543901819764346,0.0,0.4953822473063109,0.0021492659759985125,-0.0015991204837338957,0.46998460749102106,0.0023983622013991077,0.0013560279805773267,-0.0015480579526221394,0.0005801892834924498,0.003718342668504575
连续两日放量+第二日整根K线大于实体2倍,当日沪深300,全部信号,0.015,3,3906,3886,537,16,0.006687034627509329,0.0,0.49871332990221307,0.005077220769727046,-0.0015991204837340067,0.475295934122491,0.004752414163642091,0.0019346204638672375,-0.0024738662253239174,0.0010368328247886442,0.009117608714665448
连续两日放量+第二日整根K线大于实体2倍,当日沪深300,全部信号,0.015,5,3906,3880,537,16,0.008029358449574052,0.0008646255967115213,0.5097938144329897,0.0064173980542721045,-0.000735877527524853,0.4927835051546392,0.0067390989152645115,0.0012902595343095397,-0.003783918418167387,0.0014664246662933148,0.011368371442250894
连续两日放量+第二日整根K线大于实体2倍,当日沪深300,全部信号,0.015,10,3906,3874,537,16,0.01344777734706845,0.0045573539837521215,0.5325245224574083,0.011827152247118063,0.0029509457419110152,0.518327310273619,0.010542333075582529,0.0029054442714859206,-0.004589182650288126,0.00397823036041429,0.019676074133821837
连续两日放量+第二日整根K线大于实体2倍,当日沪深300,全部信号,0.015,20,3906,3864,537,16,0.015020830098544612,0.00130003350776009,0.5077639751552795,0.013397689497717349,-0.00030116588618572804,0.49870600414078675,0.014311195766564236,0.0007096343319803772,-0.008798261658452988,-0.00015778893146427102,0.026953167926898967
连续两日放量+第二日整根K线大于实体2倍,当日沪深300,全部信号,0.01,1,1026,1024,263,16,0.004265940924854106,0.0011688953642627897,0.5078125,0.002659998687604779,-0.00043209432399143877,0.48046875,0.002586005409766245,0.0016799355150878604,-0.000525629426906149,0.00029155681098988733,0.0050284405642196705
连续两日放量+第二日整根K线大于实体2倍,当日沪深300,全部信号,0.01,3,1026,1023,263,16,0.00688261420186943,0.00047733625291157544,0.520039100684262,0.005272487588783584,-0.0011225475490019843,0.4760508308895406,0.004774574631946932,0.002108039569922497,-0.001745555450997749,0.001190397353434563,0.009354577824132605
连续两日放量+第二日整根K线大于实体2倍,当日沪深300,全部信号,0.01,5,1026,1022,263,16,0.008839407845574838,0.0022134152708924715,0.5322896281800391,0.0072261520836909105,0.0006107552694597507,0.5088062622309197,0.006562728372622682,0.0022766794729521555,-0.0023914548102999533,0.002238042802173855,0.012214261365207965
连续两日放量+第二日整根K线大于实体2倍,当日沪深300,全部信号,0.01,10,1026,1021,263,16,0.009974588403705369,0.002590700273405133,0.5269343780607247,0.008359517351338197,0.0009874369477969047,0.5112634671890304,0.007972556598510226,0.002002031805195142,-0.0032242202403361953,0.0013439158505950295,0.015375118852081364
连续两日放量+第二日整根K线大于实体2倍,当日沪深300,全部信号,0.01,20,1026,1022,263,16,0.008456821622696262,-0.002510052155421605,0.48336594911937375,0.006844177662278136,-0.004105158763338557,0.4726027397260274,0.008051173566021032,0.0004056480566752305,-0.00406496386955002,-0.005733381207501348,0.01942173653205762
连续两日放量+第二日整根K线大于实体2倍,当日沪深300,同股至少间隔20日,,1,9176,9131,777,16,0.004102255871063653,0.001181264392732695,0.5119921147738473,0.0024965753859367275,-0.00041974507508835135,0.49085532800350457,0.0019933018308354875,0.002108954040228166,-0.0011864938723358254,0.0007188634687742368,0.004274287303099218
连续两日放量+第二日整根K线大于实体2倍,当日沪深300,同股至少间隔20日,,3,9176,9082,777,16,0.006439420671290277,0.0,0.4996696762827571,0.0048300027780574465,-0.0015991204837340067,0.48304338251486456,0.004006643171984344,0.002432777499305933,-0.00255669453973123,-9.542223255378304e-05,0.009755427788668676
连续两日放量+第二日整根K线大于实体2倍,当日沪深300,同股至少间隔20日,,5,9176,9072,777,16,0.00719049102767935,0.00020528813367193255,0.5040784832451499,0.005579872082454893,-0.001394160630521779,0.49107142857142855,0.004869381007363466,0.002321110020315885,-0.0045043572619716254,-0.00076231772486526,0.011922061889775046
连续两日放量+第二日整根K线大于实体2倍,当日沪深300,同股至少间隔20日,,10,9176,9033,777,16,0.01047094010508121,0.0008896185897766529,0.5066976641204473,0.008855075326541232,-0.0007109245012670851,0.4965127864496845,0.008129824039242685,0.0023411160658385255,-0.006944864890992886,0.001040716153112426,0.016669434499970038
连续两日放量+第二日整根K线大于实体2倍,当日沪深300,同股至少间隔20日,,20,9176,9038,777,16,0.014301058338218141,-0.0013163530089672637,0.49446780261119716,0.012679068739156432,-0.002913368485640888,0.488271741535738,0.01275881170370407,0.0015422466345140723,-0.011110233420894844,-0.00037536234967637354,0.02573349982798924
连续两日放量+第二日整根K线大于实体2倍,当日沪深300,同股至少间隔20日,0.025,1,6763,6733,748,16,0.0041806922762343615,0.001109881889518105,0.5101737709787614,0.0025748863618452553,-0.0004910134290798673,0.4884895291846131,0.0024921852220559622,0.001688507054178399,-0.0014067376826418787,0.000798676407876587,0.004351096315813924
连续两日放量+第二日整根K线大于实体2倍,当日沪深300,同股至少间隔20日,0.025,3,6763,6700,748,16,0.007894084321319854,0.0007196092384071928,0.5092537313432836,0.006282340245647315,-0.0008806619872002708,0.49074626865671644,0.005038753253551478,0.002855331067768374,-0.0022932572852171207,0.0008281636737195184,0.01173651681757511
连续两日放量+第二日整根K线大于实体2倍,当日沪深300,同股至少间隔20日,0.025,5,6763,6691,748,16,0.008656779723465522,0.0014856942852954358,0.5135256314452249,0.007043816005952565,-0.00011580200260263851,0.49843072784337167,0.0060265250889011465,0.002630254634564375,-0.00385057921641363,0.0005677482080846752,0.013519883803820455
连续两日放量+第二日整根K线大于实体2倍,当日沪深300,同股至少间隔20日,0.025,10,6763,6662,748,16,0.012298345479471411,0.00277657871283965,0.5181627138997298,0.010679558459565155,0.001173018145211313,0.5078054638246773,0.00955366956347854,0.0027446759159928686,-0.005994840650132893,0.002865862537186896,0.018493254381943415
连续两日放量+第二日整根K线大于实体2倍,当日沪深300,同股至少间隔20日,0.025,20,6763,6665,748,16,0.016507076666327544,0.0005383407832533216,0.5029257314328582,0.014881559378169864,-0.0010616405722543298,0.49557389347336833,0.014532791429650091,0.0019742852366774503,-0.009935431285359564,0.0012508136231053103,0.028512305133234418
连续两日放量+第二日整根K线大于实体2倍,当日沪深300,同股至少间隔20日,0.02,1,4931,4912,704,16,0.003950463536623306,0.0006385159318524902,0.504071661237785,0.0023450257857276563,-0.000961625615787387,0.4798452768729642,0.0025296629476108346,0.0014208005890124717,-0.0015447549927040671,0.0004409045226919071,0.004249147048763406
连续两日放量+第二日整根K线大于实体2倍,当日沪深300,同股至少间隔20日,0.02,3,4931,4890,704,16,0.007775665639484774,0.0008247394408607001,0.5106339468302659,0.006164110929552019,-0.0007756999006068854,0.4901840490797546,0.0051887650856167426,0.002586900553868032,-0.0020886762255923896,0.00042015777719174585,0.011908064081912292
连续两日放量+第二日整根K线大于实体2倍,当日沪深300,同股至少间隔20日,0.02,5,4931,4883,704,16,0.008657299237447541,0.0013635994341318902,0.5138234691787835,0.007044334689169135,-0.00023770160938885176,0.49662092975629735,0.006305340357696638,0.0023519588797509027,-0.00385057921641363,0.0007722070781331246,0.013316462300205147
连续两日放量+第二日整根K线大于实体2倍,当日沪深300,同股至少间隔20日,0.02,10,4931,4868,704,16,0.012187765565004477,0.0020581967745073593,0.5154067378800329,0.010569155375704539,0.00045578498615173046,0.5032867707477403,0.009505806001882468,0.0026819595631220076,-0.005929235537782462,0.0027662450256548485,0.018372065725754227
连续两日放量+第二日整根K线大于实体2倍,当日沪深300,同股至少间隔20日,0.02,20,4931,4867,704,16,0.017274060905867448,0.0010248532932364274,0.5058557633038833,0.015647317117501613,-0.0005759060543915062,0.49722621738237105,0.014963860012868004,0.002310200892999445,-0.009659036266078447,0.001589335843378538,0.02970529839162469
连续两日放量+第二日整根K线大于实体2倍,当日沪深300,同股至少间隔20日,0.015,1,2632,2626,535,16,0.004195938120358657,0.0,0.49885757806549885,0.0025901078260279187,-0.0015991204837338402,0.47182025894897184,0.0025555066724316975,0.0016404314479269585,-0.0015543346346693632,0.0006980359565019589,0.004482179695553879
连续两日放量+第二日整根K线大于实体2倍,当日沪深300,同股至少间隔20日,0.015,3,2632,2617,535,16,0.0073794644623991846,0.0003765902414529787,0.5089797478028276,0.005768543325884384,-0.0012231324554501377,0.48299579671379445,0.004976511286799281,0.0024029531755999033,-0.002033312569375667,0.0009956450093330498,0.010541441642435718
连续两日放量+第二日整根K线大于实体2倍,当日沪深300,同股至少间隔20日,0.015,5,2632,2613,535,16,0.008413520535394287,0.0011393684008047522,0.5139686184462304,0.006800945818631833,-0.0004615740702775817,0.4933027171833142,0.00675063554107904,0.0016628849943152476,-0.0035667321960779486,0.001653813041555199,0.011948078595708468
连续两日放量+第二日整根K线大于实体2倍,当日沪深300,同股至少间隔20日,0.015,10,2632,2606,535,16,0.013004425998643179,0.003162307248208207,0.5257099002302379,0.011384509870915554,0.0015581298541776922,0.5107444359171144,0.010553927726899837,0.0024504982717433424,-0.005541092951510396,0.003885052454714445,0.018883967287116665
连续两日放量+第二日整根K线大于实体2倍,当日沪深300,同股至少间隔20日,0.015,20,2632,2601,535,16,0.017344506113408126,0.0034821270428071482,0.5163398692810458,0.015717649674667933,0.0018774382183921468,0.5067281814686659,0.015599147445121276,0.00174535866828685,-0.00814177238055247,0.002710038238867743,0.028725261110468123
连续两日放量+第二日整根K线大于实体2倍,当日沪深300,同股至少间隔20日,0.01,1,745,744,257,16,0.004381686507510302,0.0011665115224718248,0.5067204301075269,0.002775559179128852,-0.0004344743537321727,0.4771505376344086,0.002708961665895212,0.0016727248416150906,-0.00044857759136740505,-0.00019833952366013572,0.0057494578819178395
连续两日放量+第二日整根K线大于实体2倍,当日沪深300,同股至少间隔20日,0.01,3,745,743,257,16,0.0065541527694039006,0.0005388812003985777,0.5248990578734859,0.0049445514057228305,-0.001061101019301347,0.47644683714670255,0.0047734334352784276,0.0017807193341254732,-0.0015926116217162,0.0006611064019201038,0.009227996409525558
连续两日放量+第二日整根K线大于实体2倍,当日沪深300,同股至少间隔20日,0.01,5,745,743,257,16,0.008310472798501584,0.001119356129872795,0.5168236877523553,0.0066980628674859965,-0.00048155433917707047,0.4899057873485868,0.006653867566913657,0.0016566052315879268,-0.002518474681998839,0.001704363275825323,0.01169176245914667
连续两日放量+第二日整根K线大于实体2倍,当日沪深300,同股至少间隔20日,0.01,10,745,741,257,16,0.009794507247456369,0.001757717548720228,0.5155195681511471,0.008179724166554887,0.0001557862628494,0.5006747638326585,0.008714581917235144,0.001079925330221224,-0.004087615956670287,0.0011233361797246414,0.015236112153385134
连续两日放量+第二日整根K线大于实体2倍,当日沪深300,同股至少间隔20日,0.01,20,745,742,257,16,0.00908996234346879,-0.0007591272577966435,0.48921832884097033,0.00747630591475499,-0.0023570338055829976,0.477088948787062,0.009369655539283216,-0.0002796931958144298,-0.005076688080121794,-0.00449439833225612,0.0194470101617661
